{
  "starring": {
    "precision": 1.0,
    "recall": 0.9906542056074766,
    "f1-score": 0.9953051643192489,
    "support": 214,
    "confused_with": {}
  },
  "genre": {
    "precision": 1.0,
    "recall": 1.0,
    "f1-score": 1.0,
    "support": 26,
    "confused_with": {}
  },
  "title": {
    "precision": 1.0,
    "recall": 1.0,
    "f1-score": 1.0,
    "support": 5,
    "confused_with": {}
  },
  "director": {
    "precision": 1.0,
    "recall": 1.0,
    "f1-score": 1.0,
    "support": 92,
    "confused_with": {}
  },
  "micro avg": {
    "precision": 1.0,
    "recall": 0.9940652818991098,
    "f1-score": 0.9970238095238095,
    "support": 337
  },
  "macro avg": {
    "precision": 1.0,
    "recall": 0.9976635514018691,
    "f1-score": 0.9988262910798122,
    "support": 337
  },
  "weighted avg": {
    "precision": 1.0,
    "recall": 0.9940652818991098,
    "f1-score": 0.9970187096864073,
    "support": 337
  },
  "accuracy": 0.9987171263630532
}